case,samples,x_argmin,f_min
quadratic,20000,2.0000000000,0.0000000000
sin_linear,20000,-7.9540000000,-1.7904023316
abs_cos,20000,-0.2619000000,0.0885943947
